state_name,state_code,food_insecurity_rate,n_food_insecure_persons,child_FI_rate,n_children_FI,year
Alabama,AL,19.50%,936410,26.30%,292740,2011
Alaska,AK,14.70%,106200,20.30%,37640,2011
Arizona,AZ,19.10%,1237540,29.90%,478420,2011
Arkansas,AR,19.70%,579200,28.40%,198750,2011
California,CA,17.40%,6568450,27.30%,2487750,2011
Colorado,CO,15.50%,795300,21.90%,266090,2011
Connecticut,CT,14.50%,520350,19.80%,157550,2011
Delaware,DE,13.20%,120020,18.30%,36860,2011
District of Columbia,DC,15.70%,97120,30.00%,31460,2011
Florida,FL,18.70%,3558910,28.40%,1118050,2011
Georgia,GA,20.00%,1965340,28.80%,707390,2011
Hawaii,HI,14.60%,200100,23.70%,71020,2011
Idaho,ID,17.30%,274230,23.00%,96090,2011
Illinois,IL,15.20%,1957450,22.70%,692100,2011
Indiana,IN,16.30%,1063990,22.70%,355780,2011
Iowa,IA,12.90%,395620,19.30%,137120,2011
Kansas,KS,15.10%,433260,22.60%,160770,2011
Kentucky,KY,17.20%,749490,22.40%,224800,2011
Louisiana,LA,17.10%,784450,23.50%,259520,2011
Maine,ME,15.70%,208620,23.90%,62810,2011
Maryland,MD,13.40%,781200,19.00%,251730,2011
Massachusetts,MA,12.30%,809920,16.50%,229170,2011
Michigan,MI,17.90%,1769790,23.70%,533470,2011
Minnesota,MN,11.40%,607920,16.60%,209830,2011
Mississippi,MS,21.40%,638460,27.40%,202980,2011
Missouri,MO,17.10%,1029030,22.50%,312440,2011
Montana,MT,14.90%,149020,21.80%,47720,2011
Nebraska,NE,13.70%,252060,21.00%,94940,2011
Nevada,NV,17.40%,472660,28.00%,183360,2011
New Hampshire,NH,10.60%,139910,14.70%,40490,2011
New Jersey,NJ,14.00%,1230690,19.00%,383020,2011
New Mexico,NM,20.10%,417780,30.60%,156930,2011
New York,NY,14.70%,2853190,22.00%,924970,2011
North Carolina,NC,19.30%,1863330,27.30%,618200,2011
North Dakota,ND,7.40%,50400,10.20%,15250,2011
Ohio,OH,17.80%,2054290,25.70%,679900,2011
Oklahoma,OK,17.20%,653820,25.30%,233350,2011
Oregon,OR,17.90%,694050,29.10%,245260,2011
Pennsylvania,PA,14.90%,1894550,20.50%,559120,2011
Rhode Island,RI,15.30%,161050,22.20%,47780,2011
South Carolina,SC,18.60%,870210,27.40%,292800,2011
South Dakota,SD,12.50%,103180,18.30%,36110,2011
Tennessee,TN,17.60%,1127190,25.10%,369020,2011
Texas,TX,18.70%,4812760,27.60%,1894060,2011
Utah,UT,16.70%,471850,21.40%,186170,2011
Vermont,VT,13.10%,81750,19.30%,23670,2011
Virginia,VA,12.70%,1026730,16.50%,301980,2011
Washington,WA,16.10%,1101490,24.30%,375880,2011
West Virginia,WV,15.30%,283300,21.80%,82220,2011
Wisconsin,WI,13.00%,744410,20.80%,270150,2011
Wyoming,WY,12.00%,68120,18.00%,23820,2011
Alaska,AK,14.60%,"104,510",19.90%,"36,670",2010
Alabama,AL,19.20%,"919,670",26.70%,"298,960",2010
Arizona,AR,19.20%,"560,410",27.80%,"194,460",2010
Arkansas,AZ,19.00%,"1,216,900",29.00%,"466,010",2010
California,CA,17.10%,"6,403,510",26.80%,"2,453,770",2010
Colorado,CO,15.50%,"783,380",22.10%,"268,650",2010
Connecticut,CT,13.80%,"493,020",18.80%,"151,530",2010
Delaware,DC,16.50%,"99,490",30.70%,"30,850",2010
District of Columbia,DE,12.80%,"114,940",18.40%,"37,240",2010
Florida,FL,19.20%,"3,609,200",28.40%,"1,117,730",2010
Georgia,GA,19.90%,"1,936,470",28.30%,"694,530",2010
Hawaii,HI,14.00%,"190,300",21.70%,"64,430",2010
Idaho,IA,13.40%,"408,280",19.50%,"138,340",2010
Illinois,ID,17.00%,"267,620",22.80%,"96,660",2010
Indiana,IL,15.00%,"1,932,580",22.20%,"684,960",2010
Iowa,IN,16.20%,"1,050,030",22.70%,"358,120",2010
Kansas,KS,15.00%,"428,490",22.70%,"162,030",2010
Kentucky,KY,17.30%,"750,420",22.70%,"226,790",2010
Louisiana,LA,16.70%,"759,740",23.10%,"253,750",2010
Maine,MA,12.30%,"806,480",16.80%,"235,480",2010
Maryland,MD,12.80%,"740,240",17.80%,"236,560",2010
Massachusetts,ME,14.90%,"198,260",22.80%,"61,020",2010
Michigan,MI,19.00%,"1,872,780",24.80%,"568,890",2010
Minnesota,MN,11.50%,"608,770",16.70%,"212,050",2010
Mississippi,MO,17.10%,"1,026,180",22.70%,"316,450",2010
Missouri,MS,21.80%,"647,050",28.30%,"210,350",2010
Montana,MT,14.50%,"144,140",20.90%,"45,700",2010
Nebraska,NC,19.60%,"1,870,290",27.60%,"621,650",2010
Nevada,ND,7.70%,"51,850",10.60%,"15,780",2010
New Hampshire,NE,13.30%,"243,790",21.50%,"96,700",2010
New Jersey,NH,10.90%,"143,150",14.30%,"40,400",2010
New Mexico,NJ,13.50%,"1,190,130",18.60%,"380,170",2010
New York,NM,18.50%,"381,690",28.70%,"146,940",2010
North Carolina,NV,17.50%,"472,710",28.20%,"184,890",2010
North Dakota,NY,14.20%,"2,757,270",21.30%,"902,070",2010
Ohio,OH,18.10%,"2,083,240",25.90%,"693,110",2010
Oklahoma,OK,17.70%,"664,890",26.60%,"244,050",2010
Oregon,OR,17.50%,"671,440",29.00%,"247,380",2010
Pennsylvania,PA,14.60%,"1,850,140",20.30%,"555,110",2010
Rhode Island,RI,15.30%,"161,360",21.50%,"47,660",2010
South Carolina,SC,18.80%,"870,420",27.10%,"288,640",2010
South Dakota,SD,12.60%,"102,470",17.90%,"35,450",2010
Tennessee,TN,17.60%,"1,116,550",25.10%,"368,490",2010
Texas,TX,18.50%,"4,672,780",27.10%,"1,845,670",2010
Utah,UT,17.00%,"472,000",22.00%,"189,540",2010
Vermont,VA,12.40%,"992,490",16.40%,"300,430",2010
Virginia,VT,14.10%,"88,260",20.50%,"25,960",2010
Washington,WA,15.90%,"1,069,360",24.20%,"378,020",2010
West Virginia,WI,13.30%,"756,120",21.40%,"279,920",2010
Wisconsin,WV,14.70%,"271,750",21.10%,"79,360",2010
Wyoming,WY,12.20%,"68,760",18.60%,"25,060",2010
,AK,13.50%,"90,300",21.20%,"38,090",2009
,AL,17.80%,"826,770",26.60%,"299,390",2009
,AR,17.80%,"506,600",28.60%,"200,290",2009
,AZ,17.40%,"1,100,570",28.80%,"482,340",2009
,CA,16.70%,"6,053,470",27.30%,"2,580,080",2009
,CO,14.30%,"694,760",22.70%,"271,660",2009
,CT,12.30%,"428,090",18.90%,"155,560",2009
,DC,15.80%,"93,180",32.30%,"36,870",2009
,DE,12.20%,"105,810",19.70%,"40,520",2009
,FL,17.10%,"3,115,650",27.50%,"1,116,260",2009
,GA,17.80%,"1,693,710",27.90%,"702,520",2009
,HI,12.70%,"162,420",20.80%,"60,250",2009
,IA,12.80%,"382,510",20.60%,"146,000",2009
,ID,15.80%,"235,970",23.40%,"95,150",2009
,IL,14.70%,"1,873,010",23.30%,"745,310",2009
,IN,16.20%,"1,027,600",24.50%,"388,640",2009
,KS,14.30%,"395,870",22.60%,"158,040",2009
,KY,16.80%,"716,040",24.10%,"243,920",2009
,LA,14.60%,"644,540",22.10%,"246,720",2009
,MA,11.20%,"727,530",18.10%,"262,650",2009
,MD,11.60%,"651,370",17.80%,"242,910",2009
,ME,15.10%,"198,790",24.60%,"68,950",2009
,MI,18.20%,"1,828,060",25.40%,"618,910",2009
,MN,11.20%,"583,710",18.30%,"231,100",2009
,MO,16.80%,"990,770",24.80%,"354,520",2009
,MS,19.90%,"582,540",27.70%,"211,340",2009
,MT,13.80%,"132,180",21.80%,"48,000",2009
,NC,18.20%,"1,649,070",27.30%,"603,250",2009
,ND,7.80%,"50,200",12.70%,"18,270",2009
,NE,11.80%,"208,930",20.70%,"92,360",2009
,NH,10.00%,"131,400",15.60%,"46,400",2009
,NJ,12.70%,"1,101,570",19.00%,"394,240",2009
,NM,17.10%,"336,430",27.30%,"137,720",2009
,NV,16.10%,"410,390",27.70%,"182,710",2009
,NY,13.50%,"2,616,780",22.40%,"1,006,390",2009
,OH,17.10%,"1,973,510",26.50%,"731,040",2009
,OK,17.10%,"618,600",26.70%,"240,740",2009
,OR,16.80%,"626,420",29.20%,"252,510",2009
,PA,13.50%,"1,690,430",20.90%,"588,370",2009
,RI,15.60%,"164,830",23.70%,"55,390",2009
,SC,18.30%,"807,960",27.60%,"292,840",2009
,SD,11.60%,"92,220",19.60%,"38,440",2009
,TN,17.30%,"1,064,160",26.90%,"396,470",2009
,TX,17.80%,"4,245,970",28.20%,"1,871,660",2009
,UT,15.10%,"399,560",20.70%,"170,760",2009
,VA,11.80%,"912,790",17.60%,"321,490",2009
,VT,13.30%,"82,270",20.70%,"27,160",2009
,WA,14.80%,"953,820",24.70%,"382,860",2009
,WI,13.10%,"733,180",22.60%,"297,870",2009
,WV,14.00%,"253,580",22.00%,"85,200",2009
,WY,12.10%,"63,280",20.60%,"25,940",2009
Alabama,AL,18.60%,"895,430",25.80%,"289,960",2012
Alaska,AK,14.00%,"102,180",19.60%,"36,650",2012
Arizona,AZ,17.80%,"1,169,570",28.20%,"456,760",2012
Arkansas,AR,19.40%,"573,030",27.70%,"196,950",2012
California,CA,16.20%,"6,179,590",26.30%,"2,426,510",2012
Colorado,CO,14.60%,"755,730",21.30%,"262,110",2012
Connecticut,CT,13.90%,"498,460",19.60%,"155,380",2012
Delaware,DE,13.00%,"119,500",18.30%,"37,430",2012
District of Columbia,DC,14.50%,"91,540",28.00%,"30,600",2012
Florida,FL,17.90%,"3,448,220",27.60%,"1,103,850",2012
Georgia,GA,18.90%,"1,874,590",28.10%,"700,780",2012
Hawaii,HI,14.20%,"197,280",23.90%,"72,390",2012
Idaho,ID,15.80%,"252,060",21.60%,"91,730",2012
Illinois,IL,14.20%,"1,833,810",21.60%,"661,950",2012
Indiana,IN,15.70%,"1,023,650",21.80%,"345,730",2012
Iowa,IA,12.70%,"389,730",19.30%,"139,200",2012
Kansas,KS,14.80%,"426,850",22.50%,"162,400",2012
Kentucky,KY,16.70%,"730,480",21.60%,"220,170",2012
Louisiana,LA,16.90%,"778,200",23.40%,"261,960",2012
Maine,ME,15.50%,"206,000",24.10%,"64,200",2012
Maryland,MD,13.10%,"773,200",19.30%,"259,330",2012
Massachusetts,MA,11.90%,"789,800",16.60%,"232,270",2012
Michigan,MI,16.80%,"1,660,050",22.30%,"505,730",2012
Minnesota,MN,10.70%,"578,070",16.10%,"205,910",2012
Mississippi,MS,22.30%,"665,790",28.70%,"214,720",2012
Missouri,MO,17.10%,"1,031,030",22.00%,"308,110",2012
Montana,MT,14.60%,"146,580",22.00%,"48,500",2012
Nebraska,NE,13.40%,"248,100",20.70%,"95,680",2012
Nevada,NV,16.80%,"464,090",28.10%,"186,380",2012
New Hampshire,NH,10.90%,"144,290",16.20%,"44,440",2012
New Jersey,NJ,13.00%,"1,151,890",18.50%,"375,240",2012
New Mexico,NM,18.60%,"387,100",29.20%,"150,390",2012
New York,NY,14.10%,"2,758,740",21.80%,"927,150",2012
North Carolina,NC,18.60%,"1,813,870",26.70%,"608,850",2012
North Dakota,ND,7.70%,"54,140",10.60%,"16,350",2012
Ohio,OH,17.20%,"1,982,170",25.20%,"671,090",2012
Oklahoma,OK,17.20%,"656,300",25.60%,"239,380",2012
Oregon,OR,16.70%,"653,000",27.30%,"235,410",2012
Pennsylvania,PA,14.30%,"1,828,730",20.60%,"562,770",2012
Rhode Island,RI,14.70%,"153,940",21.30%,"46,150",2012
South Carolina,SC,18.00%,"848,590",26.40%,"284,880",2012
South Dakota,SD,12.30%,"102,860",18.50%,"37,770",2012
Tennessee,TN,17.10%,"1,101,800",24.70%,"368,530",2012
Texas,TX,18.30%,"4,773,850",27.40%,"1,909,470",2012
Utah,UT,15.50%,"443,830",20.70%,"183,320",2012
Vermont,VT,13.40%,"83,630",19.80%,"24,530",2012
Virginia,VA,12.10%,"993,530",16.20%,"299,600",2012
Washington,WA,15.00%,"1,031,460",23.40%,"370,380",2012
West Virginia,WV,15.00%,"278,280",21.70%,"83,190",2012
Wisconsin,WI,12.60%,"724,370",20.70%,"273,140",2012
Wyoming,WY,13.00%,"74,960",19.20%,"26,190",2012
Alabama,AL,18.80%,"908,770",26.20%,"294,060",2013
Alaska,AK,14.20%,"104,750",20.00%,"37,590",2013
Arizona,AZ,17.50%,"1,161,390",28.00%,"454,460",2013
Arkansas,AR,19.70%,"584,270",28.40%,"201,820",2013
California,CA,15.00%,"5,731,740",25.10%,"2,316,570",2013
Colorado,CO,13.90%,"733,080",20.60%,"253,000",2013
Connecticut,CT,13.60%,"488,350",19.00%,"152,990",2013
Delaware,DE,13.20%,"122,310",19.40%,"39,780",2013
District of Columbia,DC,15.00%,"96,940",30.50%,"32,100",2013
Florida,FL,17.00%,"3,315,550",26.70%,"1,071,760",2013
Georgia,GA,18.70%,"1,871,790",28.20%,"700,870",2013
Hawaii,HI,13.80%,"193,940",22.40%,"68,450",2013
Idaho,ID,15.60%,"250,830",21.10%,"90,240",2013
Illinois,IL,13.60%,"1,755,180",20.80%,"643,040",2013
Indiana,IN,15.40%,"1,012,970",21.80%,"348,570",2013
Iowa,IA,12.60%,"389,250",19.30%,"139,850",2013
Kansas,KS,14.50%,"419,330",22.30%,"161,740",2013
Kentucky,KY,16.40%,"722,330",21.70%,"221,780",2013
Louisiana,LA,16.80%,"777,650",24.30%,"271,500",2013
Maine,ME,15.50%,"206,090",22.70%,"61,080",2013
Maryland,MD,12.80%,"757,430",19.10%,"258,110",2013
Massachusetts,MA,11.50%,"767,550",16.50%,"232,150",2013
Michigan,MI,16.40%,"1,623,410",20.90%,"480,490",2013
Minnesota,MN,10.60%,"572,760",16.00%,"205,050",2013
Mississippi,MS,22.70%,"679,750",29.00%,"217,220",2013
Missouri,MO,17.00%,"1,030,030",21.60%,"304,810",2013
Montana,MT,14.20%,"144,440",22.10%,"49,300",2013
Nebraska,NE,13.20%,"246,960",21.10%,"97,080",2013
Nevada,NV,15.80%,"441,190",26.70%,"176,810",2013
New Hampshire,NH,10.80%,"143,200",15.00%,"42,170",2013
New Jersey,NJ,12.40%,"1,101,750",18.30%,"374,350",2013
New Mexico,NM,17.30%,"360,920",28.30%,"145,280",2013
New York,NY,13.90%,"2,739,920",21.90%,"938,610",2013
North Carolina,NC,18.30%,"1,801,940",26.10%,"595,240",2013
North Dakota,ND,7.80%,"56,430",10.90%,"16,780",2013
Ohio,OH,16.90%,"1,951,880",24.20%,"653,410",2013
Oklahoma,OK,17.00%,"654,640",26.00%,"242,990",2013
Oregon,OR,15.80%,"619,040",25.90%,"223,480",2013
Pennsylvania,PA,14.20%,"1,808,660",20.40%,"564,440",2013
Rhode Island,RI,14.40%,"151,840",21.70%,"47,740",2013
South Carolina,SC,17.10%,"814,560",25.20%,"271,560",2013
South Dakota,SD,12.40%,"105,120",19.60%,"40,040",2013
Tennessee,TN,17.10%,"1,107,820",25.40%,"379,780",2013
Texas,TX,17.60%,"4,653,290",27.40%,"1,899,310",2013
Utah,UT,14.60%,"423,420",20.40%,"179,130",2013
Vermont,VT,13.60%,"85,010",19.20%,"24,330",2013
Virginia,VA,11.90%,"982,650",16.80%,"311,410",2013
Washington,WA,14.60%,"1,017,900",23.10%,"366,450",2013
West Virginia,WV,15.80%,"292,500",23.30%,"89,880",2013
Wisconsin,WI,12.40%,"714,000",20.40%,"270,460",2013
Wyoming,WY,12.80%,"74,470",18.60%,"25,420",2013
Alabama,AL,18.80%,"911,440",26.40%,"292,330",2014
Alaska,AK,14.40%,"105,770",20.40%,"38,080",2014
Arizona,AZ,17.10%,"1,150,650",26.80%,"434,840",2014
Arkansas,AR,19.10%,"567,250",26.30%,"185,660",2014
California,CA,13.90%,"5,401,770",22.90%,"2,099,120",2014
Colorado,CO,12.90%,"692,840",18.10%,"226,350",2014
Connecticut,CT,13.10%,"472,540",18.10%,"140,290",2014
Delaware,DE,12.60%,"117,970",17.80%,"36,380",2014
District of Columbia,DC,13.80%,"90,900",25.90%,"29,820",2014
Florida,FL,16.20%,"3,227,600",24.90%,"1,007,870",2014
Georgia,GA,17.70%,"1,783,450",26.10%,"650,970",2014
Hawaii,HI,13.70%,"194,610",22.00%,"67,690",2014
Idaho,ID,14.70%,"241,080",19.30%,"83,110",2014
Illinois,IL,12.90%,"1,658,280",19.50%,"583,000",2014
Indiana,IN,15.30%,"1,009,710",21.20%,"335,410",2014
Iowa,IA,12.40%,"384,830",17.80%,"129,270",2014
Kansas,KS,14.20%,"413,560",21.30%,"153,940",2014
Kentucky,KY,16.80%,"743,310",21.90%,"222,380",2014
Louisiana,LA,17.30%,"804,500",24.50%,"272,760",2014
Maine,ME,15.30%,"202,910",23.30%,"60,010",2014
Maryland,MD,12.70%,"760,300",18.30%,"247,560",2014
Massachusetts,MA,11.10%,"745,470",15.10%,"210,050",2014
Michigan,MI,15.70%,"1,559,020",19.70%,"437,100",2014
Minnesota,MN,10.40%,"568,770",15.20%,"195,660",2014
Mississippi,MS,22.30%,"667,040",27.40%,"200,600",2014
Missouri,MO,16.80%,"1,019,350",20.80%,"289,210",2014
Montana,MT,13.60%,"139,140",20.10%,"45,110",2014
Nebraska,NE,13.00%,"245,160",19.70%,"92,230",2014
Nevada,NV,14.90%,"423,210",24.30%,"161,260",2014
New Hampshire,NH,10.50%,"139,730",15.50%,"41,350",2014
New Jersey,NJ,11.80%,"1,051,880",16.80%,"338,690",2014
New Mexico,NM,17.20%,"358,770",27.20%,"136,070",2014
New York,NY,13.50%,"2,672,460",20.90%,"884,170",2014
North Carolina,NC,17.70%,"1,764,800",24.60%,"564,240",2014
North Dakota,ND,8.00%,"59,320",11.40%,"19,070",2014
Ohio,OH,16.80%,"1,943,340",23.80%,"628,580",2014
Oklahoma,OK,16.80%,"652,090",23.80%,"226,390",2014
Oregon,OR,15.20%,"605,100",24.50%,"210,290",2014
Pennsylvania,PA,13.80%,"1,760,450",19.30%,"521,750",2014
Rhode Island,RI,14.00%,"147,460",20.30%,"43,210",2014
South Carolina,SC,16.40%,"794,590",23.40%,"253,340",2014
South Dakota,SD,12.40%,"105,880",18.50%,"39,030",2014
Tennessee,TN,16.90%,"1,103,580",24.00%,"357,920",2014
Texas,TX,17.00%,"4,578,670",25.60%,"1,821,820",2014
Utah,UT,14.20%,"416,670",18.20%,"164,440",2014
Vermont,VT,13.50%,"84,870",19.10%,"23,310",2014
Virginia,VA,11.80%,"983,880",16.00%,"299,050",2014
Washington,WA,13.70%,"970,150",21.00%,"337,320",2014
West Virginia,WV,15.30%,"282,900",21.50%,"82,220",2014
Wisconsin,WI,11.90%,"687,370",19.10%,"248,570",2014
Wyoming,WY,12.60%,"73,400",16.80%,"23,130",2014
Alabama,AL,17.70%,"859,380",24.10%,"267,040",2015
Alaska,AK,13.90%,"102,670",19.60%,"36,560",2015
Arizona,AZ,15.80%,"1,078,190",24.00%,"389,850",2015
Arkansas,AR,18.40%,"549,070",25.00%,"176,710",2015
California,CA,12.50%,"4,885,220",20.70%,"1,890,050",2015
Colorado,CO,12.20%,"665,220",16.50%,"207,650",2015
Connecticut,CT,12.20%,"437,530",16.70%,"127,400",2015
Delaware,DE,12.10%,"114,060",17.30%,"35,310",2015
District of Columbia,DC,12.60%,"84,540",23.60%,"27,800",2015
Florida,FL,15.10%,"3,056,280",22.70%,"930,730",2015
Georgia,GA,16.20%,"1,659,710",23.20%,"580,830",2015
Hawaii,HI,12.80%,"182,600",20.10%,"62,600",2015
Idaho,ID,14.00%,"232,180",17.60%,"76,070",2015
Illinois,IL,11.70%,"1,506,060",17.30%,"513,270",2015
Indiana,IN,14.40%,"950,720",19.10%,"301,990",2015
Iowa,IA,12.00%,"376,240",16.70%,"121,550",2015
Kansas,KS,13.20%,"385,000",19.20%,"138,480",2015
Kentucky,KY,15.80%,"699,590",20.00%,"202,050",2015
Louisiana,LA,16.90%,"789,330",23.40%,"261,230",2015
Maine,ME,14.80%,"196,210",21.40%,"54,830",2015
Maryland,MD,11.40%,"682,280",16.30%,"220,010",2015
Massachusetts,MA,10.30%,"701,630",13.50%,"187,290",2015
Michigan,MI,15.10%,"1,493,790",18.00%,"397,070",2015
Minnesota,MN,9.90%,"540,820",13.80%,"177,080",2015
Mississippi,MS,21.50%,"643,390",26.30%,"191,750",2015
Missouri,MO,15.60%,"947,900",18.60%,"258,610",2015
Montana,MT,13.00%,"133,810",18.80%,"42,480",2015
Nebraska,NE,12.30%,"233,350",18.30%,"85,970",2015
Nevada,NV,13.70%,"394,910",22.40%,"149,460",2015
New Hampshire,NH,9.70%,"128,910",12.90%,"33,940",2015
New Jersey,NJ,10.80%,"971,920",14.90%,"298,010",2015
New Mexico,NM,16.00%,"332,610",25.00%,"124,980",2015
New York,NY,12.60%,"2,502,250",19.40%,"819,460",2015
North Carolina,NC,16.50%,"1,659,050",22.60%,"516,120",2015
North Dakota,ND,7.70%,"58,030",9.40%,"16,130",2015
Ohio,OH,16.00%,"1,852,870",21.90%,"575,020",2015
Oklahoma,OK,16.20%,"632,030",22.60%,"216,980",2015
Oregon,OR,14.20%,"572,790",22.50%,"194,070",2015
Pennsylvania,PA,13.10%,"1,674,420",17.90%,"482,130",2015
Rhode Island,RI,12.50%,"132,090",18.10%,"38,430",2015
South Carolina,SC,15.30%,"746,810",20.70%,"225,550",2015
South Dakota,SD,12.10%,"104,140",18.00%,"37,670",2015
Tennessee,TN,15.40%,"1,016,420",21.10%,"315,370",2015
Texas,TX,15.70%,"4,320,050",23.80%,"1,713,430",2015
Utah,UT,13.10%,"391,610",16.40%,"149,790",2015
Vermont,VT,11.90%,"74,600",15.70%,"18,820",2015
Virginia,VA,11.20%,"935,480",14.40%,"268,670",2015
Washington,WA,12.80%,"915,550",19.00%,"306,560",2015
West Virginia,WV,14.90%,"275,280",20.80%,"79,050",2015
Wisconsin,WI,11.00%,"633,170",17.00%,"219,280",2015
Wyoming,WY,12.30%,"72,260",16.90%,"23,550",2015
Alabama,AL,16.50%,"800,620",22.50%,"247,140",2016
Alaska,AK,13.40%,"99,650",18.60%,"34,800",2016
Arizona,AZ,14.90%,"1,033,590",22.70%,"370,960",2016
Arkansas,AR,17.20%,"515,270",23.20%,"163,800",2016
California,CA,11.70%,"4,574,710",19.00%,"1,731,270",2016
Colorado,CO,11.30%,"627,480",15.10%,"190,780",2016
Connecticut,CT,11.60%,"414,730",15.60%,"117,380",2016
Delaware,DE,12.00%,"114,370",16.80%,"34,240",2016
District of Columbia,DC,12.40%,"84,380",22.20%,"26,800",2016
Florida,FL,13.90%,"2,871,650",20.70%,"857,150",2016
Georgia,GA,15.10%,"1,561,360",20.90%,"523,470",2016
Hawaii,HI,11.80%,"168,030",17.80%,"54,650",2016
Idaho,ID,13.20%,"221,800",16.70%,"72,840",2016
Illinois,IL,11.00%,"1,413,420",15.70%,"459,330",2016
Indiana,IN,13.70%,"910,870",17.70%,"279,840",2016
Iowa,IA,11.50%,"360,540",15.90%,"115,890",2016
Kansas,KS,12.90%,"375,360",18.30%,"131,130",2016
Kentucky,KY,15.50%,"685,830",19.20%,"194,440",2016
Louisiana,LA,16.70%,"783,400",23.10%,"258,630",2016
Maine,ME,13.80%,"183,310",19.80%,"50,520",2016
Maryland,MD,11.10%,"665,420",15.30%,"205,890",2016
Massachusetts,MA,9.60%,"652,760",12.10%,"167,450",2016
Michigan,MI,14.20%,"1,414,700",16.30%,"356,930",2016
Minnesota,MN,9.20%,"508,630",12.70%,"163,070",2016
Mississippi,MS,20.10%,"600,840",24.40%,"176,580",2016
Missouri,MO,14.70%,"896,570",17.40%,"241,830",2016
Montana,MT,12.30%,"128,740",17.00%,"38,810",2016
Nebraska,NE,11.90%,"227,350",17.30%,"82,070",2016
Nevada,NV,12.70%,"372,820",20.50%,"138,880",2016
New Hampshire,NH,9.00%,"119,770",11.40%,"29,740",2016
New Jersey,NJ,10.30%,"919,030",13.50%,"268,080",2016
New Mexico,NM,15.80%,"327,930",25.60%,"125,210",2016
New York,NY,11.90%,"2,352,940",17.90%,"750,000",2016
North Carolina,NC,15.40%,"1,565,910",20.90%,"479,220",2016
North Dakota,ND,7.40%,"55,710",9.40%,"16,440",2016
Ohio,OH,15.10%,"1,758,310",20.30%,"528,960",2016
Oklahoma,OK,16.20%,"635,740",22.70%,"218,770",2016
Oregon,OR,12.90%,"527,370",20.00%,"173,780",2016
Pennsylvania,PA,12.50%,"1,599,520",16.90%,"452,690",2016
Rhode Island,RI,12.10%,"128,330",17.40%,"36,230",2016
South Carolina,SC,13.90%,"687,880",18.90%,"207,840",2016
South Dakota,SD,11.70%,"100,990",16.50%,"35,360",2016
Tennessee,TN,14.50%,"967,430",19.70%,"295,570",2016
Texas,TX,15.40%,"4,277,540",23.00%,"1,676,740",2016
Utah,UT,12.50%,"382,490",15.40%,"142,320",2016
Vermont,VT,12.10%,"75,360",15.70%,"18,620",2016
Virginia,VA,10.60%,"893,720",13.30%,"249,170",2016
Washington,WA,12.00%,"872,720",17.50%,"284,480",2016
West Virginia,WV,14.60%,"267,280",20.20%,"75,970",2016
Wisconsin,WI,10.50%,"609,360",16.00%,"205,660",2016
Wyoming,WY,12.60%,"73,830",16.70%,"23,500",2016
Alabama,AL,16.30%,"795,760",22.30%,"243,880",2017
Alaska,AK,13.60%,"100,310",18.70%,"34,690",2017
Arizona,AZ,14.00%,"979,170",21.30%,"348,550",2017
Arkansas,AR,17.30%,"518,960",23.60%,"167,440",2017
California,CA,11.00%,"4,354,400",18.10%,"1,638,430",2017
Colorado,CO,10.60%,"596,150",14.00%,"177,360",2017
Connecticut,CT,11.30%,"406,810",15.50%,"115,240",2017
Delaware,DE,12.20%,"117,320",17.00%,"34,750",2017
District of Columbia,DC,11.00%,"76,550",21.20%,"26,450",2017
Florida,FL,13.40%,"2,806,770",20.40%,"854,880",2017
Georgia,GA,14.40%,"1,501,680",20.00%,"503,370",2017
Hawaii,HI,11.30%,"161,270",17.50%,"53,540",2017
Idaho,ID,12.30%,"210,420",15.80%,"69,920",2017
Illinois,IL,10.90%,"1,395,970",15.70%,"453,260",2017
Indiana,IN,13.30%,"887,070",17.40%,"273,380",2017
Iowa,IA,10.90%,"341,890",15.30%,"111,520",2017
Kansas,KS,12.70%,"370,860",18.30%,"130,210",2017
Kentucky,KY,14.90%,"662,360",18.40%,"186,660",2017
Louisiana,LA,16.50%,"773,850",23.00%,"255,640",2017
Maine,ME,12.90%,"172,650",18.50%,"47,020",2017
Maryland,MD,10.70%,"650,200",15.20%,"204,660",2017
Massachusetts,MA,9.00%,"616,090",11.70%,"159,950",2017
Michigan,MI,13.70%,"1,369,250",15.90%,"345,130",2017
Minnesota,MN,9.10%,"504,760",12.60%,"163,310",2017
Mississippi,MS,19.20%,"573,610",22.90%,"163,530",2017
Missouri,MO,14.20%,"865,400",17.50%,"243,110",2017
Montana,MT,11.10%,"116,120",16.10%,"36,910",2017
Nebraska,NE,11.60%,"223,170",17.40%,"82,370",2017
Nevada,NV,12.20%,"365,160",20.00%,"136,800",2017
New Hampshire,NH,9.10%,"122,860",12.30%,"31,640",2017
New Jersey,NJ,9.60%,"865,900",13.20%,"260,340",2017
New Mexico,NM,15.50%,"324,000",24.10%,"118,030",2017
New York,NY,11.40%,"2,261,250",17.60%,"732,300",2017
North Carolina,NC,14.60%,"1,503,050",20.10%,"461,630",2017
North Dakota,ND,7.30%,"54,930",9.80%,"16,900",2017
Ohio,OH,14.50%,"1,691,910",19.60%,"510,030",2017
Oklahoma,OK,15.80%,"621,370",22.20%,"213,720",2017
Oregon,OR,12.30%,"510,080",18.90%,"165,290",2017
Pennsylvania,PA,12.00%,"1,534,710",16.40%,"437,340",2017
Rhode Island,RI,11.40%,"120,590",17.30%,"35,760",2017
South Carolina,SC,13.50%,"679,990",18.30%,"202,110",2017
South Dakota,SD,11.40%,"99,190",16.40%,"34,970",2017
Tennessee,TN,13.90%,"934,310",18.90%,"285,770",2017
Texas,TX,14.90%,"4,217,470",22.50%,"1,658,680",2017
Utah,UT,12.10%,"373,850",14.70%,"135,940",2017
Vermont,VT,11.90%,"74,520",15.90%,"18,760",2017
Virginia,VA,10.20%,"863,390",13.20%,"247,470",2017
Washington,WA,11.50%,"848,990",17.30%,"284,760",2017
West Virginia,WV,14.80%,"268,070",20.60%,"76,970",2017
Wisconsin,WI,10.00%,"578,480",15.40%,"197,290",2017
Wyoming,WY,12.30%,"71,060",17.40%,"23,960",2017
Alabama,AL,17.00%,"829,220",23.10%,"251,800",2018
Alaska,AK,12.90%,"95,190",18.10%,"33,200",2018
Arizona,AZ,13.10%,"937,300",19.00%,"311,390",2018
Arkansas,AR,17.30%,"521,490",23.10%,"162,270",2018
California,CA,10.80%,"4,291,830",15.20%,"1,362,340",2018
Colorado,CO,9.90%,"566,490",12.20%,"155,120",2018
Connecticut,CT,11.90%,"426,620",16.00%,"117,660",2018
Delaware,DE,12.60%,"121,850",19.00%,"38,680",2018
District of Columbia,DC,11.60%,"81,400",19.10%,"24,280",2018
Florida,FL,13.00%,"2,768,480",19.40%,"819,370",2018
Georgia,GA,12.50%,"1,318,500",16.20%,"405,380",2018
Hawaii,HI,11.20%,"159,040",18.40%,"55,710",2018
Idaho,ID,10.80%,"189,970",12.60%,"56,120",2018
Illinois,IL,10.10%,"1,283,550",12.70%,"363,900",2018
Indiana,IN,13.20%,"883,260",17.50%,"274,080",2018
Iowa,IA,9.70%,"305,100",13.90%,"102,190",2018
Kansas,KS,12.70%,"368,770",18.40%,"129,780",2018
Kentucky,KY,14.80%,"662,660",18.90%,"190,600",2018
Louisiana,LA,16.10%,"751,920",24.60%,"269,650",2018
Maine,ME,12.90%,"173,080",19.10%,"47,460",2018
Maryland,MD,11.00%,"667,110",16.10%,"216,070",2018
Massachusetts,MA,8.90%,"617,380",10.10%,"138,760",2018
Michigan,MI,13.60%,"1,359,650",14.70%,"318,960",2018
Minnesota,MN,8.20%,"461,200",12.40%,"161,880",2018
Mississippi,MS,18.70%,"559,350",23.00%,"162,150",2018
Missouri,MO,13.30%,"813,840",15.20%,"209,870",2018
Montana,MT,10.30%,"109,150",15.90%,"36,560",2018
Nebraska,NE,12.30%,"237,440",16.70%,"79,310",2018
Nevada,NV,12.80%,"388,420",19.50%,"134,350",2018
New Hampshire,NH,9.30%,"125,590",13.30%,"34,280",2018
New Jersey,NJ,8.70%,"774,860",11.30%,"219,760",2018
New Mexico,NM,15.10%,"315,990",23.80%,"114,180",2018
New York,NY,11.10%,"2,166,060",16.90%,"685,500",2018
North Carolina,NC,14.00%,"1,456,200",19.30%,"443,040",2018
North Dakota,ND,6.80%,"51,610",9.60%,"16,700",2018
Ohio,OH,13.90%,"1,624,180",18.90%,"489,160",2018
Oklahoma,OK,15.10%,"594,140",21.80%,"208,110",2018
Oregon,OR,11.90%,"498,730",16.00%,"139,220",2018
Pennsylvania,PA,10.90%,"1,401,920",15.10%,"399,270",2018
Rhode Island,RI,11.40%,"120,970",17.80%,"36,270",2018
South Carolina,SC,11.80%,"600,440",16.20%,"178,710",2018
South Dakota,SD,10.80%,"95,080",16.50%,"35,330",2018
Tennessee,TN,14.00%,"950,290",17.70%,"267,110",2018
Texas,TX,15.00%,"4,295,240",21.60%,"1,598,940",2018
Utah,UT,11.00%,"347,370",12.10%,"113,190",2018
Vermont,VT,11.30%,"70,580",15.20%,"17,550",2018
Virginia,VA,9.90%,"842,870",12.50%,"233,530",2018
Washington,WA,10.70%,"804,080",14.70%,"244,480",2018
West Virginia,WV,13.90%,"250,600",20.30%,"73,770",2018
Wisconsin,WI,8.90%,"515,930",14.10%,"179,180",2018
Wyoming,WY,12.20%,"70,640",15.90%,"21,160",2018
Alabama,AL,14.80%,"746,550",18.30%,"204,830",2021
Alaska,AK,10.70%,"78,260",12.80%,"22,960",2021
Arizona,AZ,10.30%,"751,690",14.00%,"226,080",2021
Arkansas,AR,15.50%,"467,550",19.10%,"134,690",2021
California,CA,10.50%,"4,104,060",13.50%,"1,182,720",2021
Colorado,CO,9.20%,"533,650",10.50%,"129,900",2021
Connecticut,CT,10.50%,"380,310",11.50%,"83,530",2021
Delaware,DE,9.90%,"99,530",14.40%,"30,040",2021
District of Columbia,DC,10.30%,"68,900",14.20%,"17,890",2021
Florida,FL,10.60%,"2,314,370",14.30%,"613,180",2021
Georgia,GA,10.70%,"1,156,660",13.30%,"335,720",2021
Hawaii,HI,11.90%,"170,970",17.80%,"54,180",2021
Idaho,ID,8.20%,"156,640",8.60%,"40,410",2021
Illinois,IL,9.50%,"1,201,290",11.30%,"315,330",2021
Indiana,IN,10.70%,"730,480",12.90%,"204,290",2021
Iowa,IA,7.50%,"238,290",9.40%,"68,990",2021
Kansas,KS,9.90%,"291,430",13.40%,"93,960",2021
Kentucky,KY,12.90%,"579,770",15.20%,"154,290",2021
Louisiana,LA,14.80%,"683,110",21.60%,"234,120",2021
Maine,ME,10.50%,"144,290",14.60%,"36,490",2021
Maryland,MD,9.70%,"600,970",12.10%,"164,160",2021
Massachusetts,MA,8.10%,"564,030",8.40%,"113,960",2021
Michigan,MI,11.70%,"1,177,820",13.10%,"282,320",2021
Minnesota,MN,6.80%,"390,000",9.20%,"120,650",2021
Mississippi,MS,16.30%,"480,600",18.80%,"130,240",2021
Missouri,MO,11.60%,"715,170",12.80%,"177,320",2021
Montana,MT,8.50%,"93,720",12.10%,"28,410",2021
Nebraska,NE,10.00%,"195,670",12.00%,"58,070",2021
Nevada,NV,13.00%,"409,540",18.50%,"129,350",2021
New Hampshire,NH,6.80%,"93,940",8.50%,"21,670",2021
New Jersey,NJ,8.80%,"812,440",9.80%,"197,280",2021
New Mexico,NM,13.50%,"285,220",19.20%,"90,490",2021
New York,NY,11.40%,"2,265,160",15.40%,"633,790",2021
North Carolina,NC,11.80%,"1,248,880",15.40%,"353,450",2021
North Dakota,ND,5.50%,"42,290",7.50%,"13,690",2021
Ohio,OH,11.80%,"1,391,290",14.80%,"386,430",2021
Oklahoma,OK,14.10%,"561,640",19.10%,"182,930",2021
Oregon,OR,10.50%,"447,260",12.40%,"106,470",2021
Pennsylvania,PA,9.40%,"1,219,130",12.20%,"325,170",2021
Rhode Island,RI,9.30%,"102,130",12.90%,"26,860",2021
South Carolina,SC,9.90%,"515,350",12.60%,"141,110",2021
South Dakota,SD,8.10%,"72,900",11.20%,"24,750",2021
Tennessee,TN,11.50%,"800,970",12.80%,"197,490",2021
Texas,TX,13.70%,"4,057,910",18.10%,"1,348,600",2021
Utah,UT,9.50%,"316,980",9.80%,"93,050",2021
Vermont,VT,8.90%,"57,150",10.30%,"12,040",2021
Virginia,VA,8.10%,"704,270",8.80%,"164,680",2021
Washington,WA,8.90%,"688,170",11.80%,"197,550",2021
West Virginia,WV,11.70%,"208,720",14.00%,"50,680",2021
Wisconsin,WI,7.20%,"427,380",11.10%,"142,050",2021
Wyoming,WY,10.60%,"61,200",12.20%,"16,100",2021
Alabama,AL,14.50%,"711,370",19.80%,"216,040",2020
Alaska,AK,10.80%,"79,670",14.70%,"26,910",2020
Arizona,AZ,11.10%,"798,790",16.40%,"269,610",2020
Arkansas,AR,14.70%,"444,130",19.70%,"138,410",2020
California,CA,9.10%,"3,571,920",13.00%,"1,165,400",2020
Colorado,CO,8.30%,"474,420",11.20%,"141,570",2020
Connecticut,CT,10.20%,"364,040",12.60%,"92,430",2020
Delaware,DE,9.70%,"93,900",15.10%,"30,920",2020
District of Columbia,DC,9.40%,"65,750",15.40%,"19,430",2020
Florida,FL,10.60%,"2,252,050",15.70%,"660,500",2020
Georgia,GA,10.90%,"1,141,880",14.40%,"360,210",2020
Hawaii,HI,9.60%,"136,190",16.60%,"50,180",2020
Idaho,ID,8.70%,"152,890",10.50%,"46,800",2020
Illinois,IL,8.30%,"1,052,040",11.30%,"323,740",2020
Indiana,IN,10.80%,"726,020",14.40%,"225,750",2020
Iowa,IA,7.30%,"229,500",11.00%,"80,160",2020
Kansas,KS,9.70%,"281,520",14.60%,"102,760",2020
Kentucky,KY,12.90%,"575,300",16.10%,"162,100",2020
Louisiana,LA,13.70%,"640,540",21.50%,"236,010",2020
Maine,ME,10.40%,"139,410",15.90%,"39,990",2020
Maryland,MD,9.00%,"543,650",12.50%,"167,020",2020
Massachusetts,MA,7.20%,"497,250",8.80%,"119,330",2020
Michigan,MI,11.50%,"1,150,150",13.70%,"297,150",2020
Minnesota,MN,6.00%,"338,000",9.30%,"121,140",2020
Mississippi,MS,16.20%,"483,700",20.40%,"144,320",2020
Missouri,MO,11.40%,"695,830",14.10%,"194,070",2020
Montana,MT,8.50%,"90,220",13.60%,"31,010",2020
Nebraska,NE,9.80%,"188,080",13.50%,"64,190",2020
Nevada,NV,11.00%,"332,040",16.90%,"116,360",2020
New Hampshire,NH,7.00%,"94,450",9.50%,"24,360",2020
New Jersey,NJ,7.40%,"657,320",9.00%,"175,830",2020
New Mexico,NM,12.90%,"271,210",20.50%,"99,100",2020
New York,NY,9.60%,"1,882,580",14.60%,"596,060",2020
North Carolina,NC,12.00%,"1,245,870",17.10%,"394,300",2020
North Dakota,ND,4.80%,"36,130",8.10%,"14,490",2020
Ohio,OH,11.60%,"1,351,090",15.90%,"412,670",2020
Oklahoma,OK,13.00%,"514,990",19.20%,"183,720",2020
Oregon,OR,9.80%,"407,840",13.20%,"114,460",2020
Pennsylvania,PA,8.90%,"1,136,400",13.10%,"347,720",2020
Rhode Island,RI,8.40%,"88,550",13.00%,"26,750",2020
South Carolina,SC,9.60%,"489,510",13.80%,"153,330",2020
South Dakota,SD,8.50%,"74,850",13.50%,"29,070",2020
Tennessee,TN,11.90%,"809,170",15.50%,"233,620",2020
Texas,TX,13.00%,"3,720,710",18.90%,"1,395,890",2020
Utah,UT,9.20%,"288,970",11.30%,"104,840",2020
Vermont,VT,9.00%,"56,010",11.80%,"13,610",2020
Virginia,VA,7.70%,"658,470",9.70%,"182,170",2020
Washington,WA,8.50%,"638,210",12.30%,"203,430",2020
West Virginia,WV,12.00%,"217,690",17.30%,"63,070",2020
Wisconsin,WI,7.20%,"415,400",12.60%,"160,890",2020
Wyoming,WY,10.20%,"59,570",12.90%,"17,390",2020
Alabama,AL,16.10%,"788,250",21.20%,"229,880",2019
Alaska,AK,11.90%,"86,970",16.10%,"28,850",2019
Arizona,AZ,12.60%,"918,940",17.90%,"293,570",2019
Arkansas,AR,16.60%,"499,950",21.60%,"150,910",2019
California,CA,10.20%,"4,011,960",13.70%,"1,221,560",2019
Colorado,CO,9.80%,"566,440",12.10%,"151,810",2019
Connecticut,CT,12.00%,"428,800",15.10%,"110,020",2019
Delaware,DE,11.70%,"114,190",16.60%,"33,790",2019
District of Columbia,DC,10.00%,"70,480",15.30%,"19,630",2019
Florida,FL,12.00%,"2,567,300",16.80%,"709,810",2019
Georgia,GA,12.00%,"1,279,310",15.00%,"376,660",2019
Hawaii,HI,11.50%,"162,220",18.50%,"55,670",2019
Idaho,ID,10.00%,"179,580",11.10%,"49,830",2019
Illinois,IL,9.60%,"1,211,410",12.00%,"337,120",2019
Indiana,IN,12.40%,"834,530",15.20%,"238,560",2019
Iowa,IA,9.40%,"297,800",13.10%,"94,260",2019
Kansas,KS,12.10%,"351,090",17.20%,"120,290",2019
Kentucky,KY,14.40%,"644,540",17.70%,"176,990",2019
Louisiana,LA,15.50%,"718,360",23.00%,"249,520",2019
Maine,ME,12.40%,"166,910",18.00%,"44,270",2019
Maryland,MD,10.60%,"640,180",14.40%,"192,230",2019
Massachusetts,MA,8.20%,"566,930",9.00%,"121,560",2019
Michigan,MI,13.00%,"1,299,020",14.10%,"302,530",2019
Minnesota,MN,7.70%,"432,170",10.90%,"141,910",2019
Mississippi,MS,18.50%,"550,370",22.40%,"156,120",2019
Missouri,MO,13.20%,"809,680",15.20%,"208,900",2019
Montana,MT,10.40%,"111,080",15.70%,"35,500",2019
Nebraska,NE,11.70%,"225,580",15.40%,"73,110",2019
Nevada,NV,12.10%,"373,370",18.20%,"125,870",2019
New Hampshire,NH,8.80%,"119,990",10.80%,"27,770",2019
New Jersey,NJ,8.60%,"762,530",9.90%,"191,890",2019
New Mexico,NM,14.20%,"298,030",22.10%,"104,560",2019
New York,NY,10.70%,"2,090,550",15.70%,"630,860",2019
North Carolina,NC,13.50%,"1,417,440",18.20%,"417,240",2019
North Dakota,ND,6.70%,"51,380",9.40%,"16,580",2019
Ohio,OH,13.20%,"1,547,110",17.40%,"447,350",2019
Oklahoma,OK,14.70%,"583,570",20.80%,"197,690",2019
Oregon,OR,11.50%,"486,200",14.60%,"126,350",2019
Pennsylvania,PA,10.60%,"1,353,730",14.70%,"385,880",2019
Rhode Island,RI,9.50%,"101,100",14.10%,"28,730",2019
South Carolina,SC,10.80%,"555,630",14.60%,"162,780",2019
South Dakota,SD,10.30%,"91,510",15.30%,"32,860",2019
Tennessee,TN,13.30%,"905,090",15.70%,"237,510",2019
Texas,TX,14.10%,"4,092,850",19.80%,"1,462,920",2019
Utah,UT,11.10%,"355,550",12.60%,"116,770",2019
Vermont,VT,11.00%,"68,590",13.70%,"15,570",2019
Virginia,VA,9.40%,"799,620",11.40%,"212,370",2019
Washington,WA,10.40%,"790,050",14.00%,"232,080",2019
West Virginia,WV,13.50%,"242,180",18.60%,"66,780",2019
Wisconsin,WI,9.10%,"530,500",14.50%,"183,700",2019
Wyoming,WY,11.70%,"67,750",14.60%,"19,530",2019
